City_ID,City,Cloudiness,Country,Current Description,Humidity,Lat,Lng,Max Temp,Rain (inches),Snow (inches),Wind Speed
0,rikitea,99,PF,overcast clouds,50,-23.12,-134.97,69.8,0.0,0,8.1
1,barrow,90,US,overcast clouds,80,71.29,-156.79,35.6,0.0,0,6.93
2,cartagena,40,CO,scattered clouds,63,10.4,-75.51,91.4,0.0,0,6.93
3,carnarvon,0,AU,clear sky,100,-24.87,113.63,57.2,0.0,0,8.05
4,aykhal,9,RU,clear sky,45,66.0,111.5,64.4,0.0,0,6.71
5,laguna,5,US,clear sky,39,38.42,-121.42,87.01,0.0,0,4.7
6,bone,0,DE,clear sky,43,51.97,12.14,72.0,0.0,0,5.19
7,ushuaia,75,AR,snow,91,-54.8,-68.3,33.8,0.0,0,9.17
8,khatanga,70,RU,light rain,68,71.97,102.5,66.76,0.33,0,7.92
9,adrar,0,MR,clear sky,7,20.5,-10.07,107.71,0.0,0,6.64
10,canaries,75,ES,broken clouds,60,28.0,-15.5,75.2,0.0,0,27.51
11,colac,13,AU,few clouds,99,-38.33,143.58,48.0,0.0,0,1.59
12,faanui,39,PF,scattered clouds,78,-16.48,-151.75,78.89,0.0,0,17.25
13,iberia,90,US,thunderstorm,78,29.95,-91.75,80.6,0.0,0,9.17
14,ancud,75,CL,broken clouds,93,-41.87,-73.82,45.0,0.0,0,6.93
15,jieshi,100,CN,overcast clouds,87,22.81,115.83,82.49,0.0,0,11.65
16,bogovarovo,8,RU,clear sky,91,58.98,47.02,54.73,0.0,0,5.1
17,fairbanks,90,US,overcast clouds,93,64.84,-147.72,50.0,0.0,0,4.7
18,hobart,90,AU,light intensity shower rain,93,-42.88,147.33,53.01,0.0,0,9.17
19,troitsko-pechorsk,100,RU,overcast clouds,76,62.71,56.2,44.04,0.0,0,8.3
20,sao desiderio,80,BR,broken clouds,47,-12.36,-44.97,83.89,0.0,0,6.64
21,ikornnes,97,NO,overcast clouds,85,62.39,6.56,60.01,0.0,0,7.0
22,punta arenas,0,CL,clear sky,56,-53.15,-70.92,41.0,0.0,0,19.46
23,hudson bay,15,CA,few clouds,40,52.85,-102.38,77.36,0.0,0,6.46
24,inhambane,20,MZ,few clouds,82,-23.86,35.38,64.4,0.0,0,3.36
25,scarborough,0,GB,clear sky,67,54.28,-0.4,73.0,0.0,0,1.01
26,geraldton,75,AU,broken clouds,82,-28.77,114.6,60.8,0.0,0,8.05
27,castro,0,BR,clear sky,65,-24.79,-50.01,68.68,0.0,0,6.91
28,la ronge,40,CA,scattered clouds,41,55.1,-105.28,77.0,0.0,0,9.17
29,sept-iles,75,CA,broken clouds,60,50.2,-66.38,73.4,0.0,0,10.29
30,ketrzyn,100,PL,overcast clouds,93,54.08,21.38,58.77,0.0,0,10.31
31,vaini,20,TO,few clouds,100,-21.2,-175.2,68.0,0.0,0,3.36
32,busselton,11,AU,few clouds,73,-33.65,115.33,54.0,0.0,0,13.22
33,mar del plata,100,AR,overcast clouds,69,-38.0,-57.56,59.0,0.0,0,7.0
34,albany,11,US,light rain,44,42.6,-73.97,91.99,0.79,0,3.0
35,tuktoyaktuk,90,CA,overcast clouds,93,69.45,-133.04,37.4,0.0,0,18.34
36,qaqortoq,40,GL,scattered clouds,45,60.72,-46.03,62.6,0.0,0,12.75
37,adelaide,75,AU,shower rain,93,-34.93,138.6,54.0,0.25,0,5.82
38,vianopolis,2,BR,clear sky,44,-16.74,-48.52,76.46,0.0,0,7.14
39,chicama,60,PE,broken clouds,59,-7.84,-79.15,72.5,0.0,0,10.42
40,luanda,0,AO,clear sky,83,-8.84,13.23,73.4,0.0,0,9.17
41,east london,0,ZA,clear sky,34,-33.02,27.91,69.4,0.0,0,5.57
42,puerto ayora,40,EC,scattered clouds,69,-0.74,-90.35,77.0,0.0,0,18.34
43,linhares,100,BR,overcast clouds,57,-19.39,-40.07,75.16,0.0,0,6.46
44,taltal,100,CL,overcast clouds,65,-25.4,-70.48,62.11,0.0,0,5.12
45,makubetsu,100,JP,overcast clouds,92,45.37,141.82,53.24,0.0,0,14.79
46,mataura,35,NZ,scattered clouds,83,-46.19,168.86,39.0,0.0,0,3.0
47,naze,75,JP,broken clouds,94,28.37,129.48,77.0,0.0,0,5.82
48,ovruch,100,UA,light rain,93,51.32,28.8,66.29,0.72,0,6.06
49,harper,46,LR,scattered clouds,81,4.38,-7.72,77.22,0.0,0,8.48
50,dikson,58,RU,broken clouds,83,73.51,80.55,37.56,0.0,0,12.88
51,kapaa,90,US,light rain,83,22.08,-159.32,80.01,0.0,0,12.75
52,patacamaya,0,BO,clear sky,28,-17.23,-67.92,57.61,0.0,0,9.8
53,bengkulu,99,ID,light rain,89,-3.8,102.27,74.77,0.26,0,7.9
54,touros,40,BR,scattered clouds,69,-5.2,-35.46,82.4,0.0,0,8.05
55,bredasdorp,30,ZA,scattered clouds,93,-34.53,20.04,51.8,0.0,0,3.29
56,reconquista,100,AR,overcast clouds,62,-29.15,-59.65,79.43,0.0,0,3.27
57,lompoc,100,US,overcast clouds,68,34.64,-120.46,66.2,0.0,0,4.7
58,voh,0,NC,clear sky,81,-20.97,164.7,66.67,0.0,0,1.79
59,hasaki,75,JP,broken clouds,100,35.73,140.83,68.0,0.0,0,5.82
60,lagoa,55,PT,broken clouds,68,39.05,-27.98,61.48,0.0,0,14.54
61,saskylakh,28,RU,scattered clouds,43,71.92,114.08,74.7,0.0,0,6.22
62,itarema,62,BR,broken clouds,66,-2.92,-39.92,79.93,0.0,0,14.56
63,les cayes,20,HT,few clouds,70,18.2,-73.75,86.23,0.0,0,10.09
64,arraial do cabo,75,BR,broken clouds,42,-22.97,-42.03,80.6,0.0,0,16.11
65,ribeira grande,40,PT,scattered clouds,63,38.52,-28.7,66.2,0.0,0,18.34
66,nizwa,0,OM,clear sky,52,22.93,57.53,87.3,0.0,0,5.06
67,antonina,100,BR,overcast clouds,47,-25.43,-48.71,77.0,0.0,0,2.21
68,hermanus,4,ZA,clear sky,93,-34.42,19.23,51.01,0.0,0,4.29
69,lebu,100,CL,moderate rain,77,-37.62,-73.65,50.09,1.03,0,7.92
70,mbandaka,76,CD,broken clouds,73,0.05,18.26,76.86,0.0,0,2.71
71,bluff,67,NZ,broken clouds,83,-46.6,168.33,39.0,0.0,0,3.0
72,axim,100,GH,overcast clouds,85,4.87,-2.24,78.22,0.0,0,9.22
73,deputatskiy,0,RU,clear sky,62,69.3,139.9,68.31,0.0,0,3.06
74,narsaq,40,GL,scattered clouds,45,60.92,-46.05,62.6,0.0,0,12.75
75,port alfred,0,ZA,clear sky,48,-33.59,26.89,62.01,0.0,0,3.0
76,bosaso,45,SO,scattered clouds,47,11.28,49.18,90.84,0.0,0,3.29
77,havoysund,20,NO,few clouds,87,71.0,24.66,53.6,0.0,0,4.7
78,kloulklubed,100,PW,light rain,74,7.04,134.26,84.11,0.52,0,7.45
79,poum,17,NC,few clouds,74,-20.23,164.02,73.71,0.0,0,14.38
80,roald,75,NO,broken clouds,93,62.58,6.13,60.01,0.0,0,3.36
81,san patricio,20,MX,few clouds,70,19.22,-104.7,91.4,0.0,0,17.22
82,tuatapere,8,NZ,clear sky,83,-46.13,167.68,39.0,0.0,0,3.0
83,namibe,0,AO,clear sky,83,-15.2,12.15,69.44,0.0,0,1.66
84,nyurba,97,RU,overcast clouds,65,63.28,118.33,56.8,0.0,0,6.38
85,akdepe,0,TM,clear sky,30,42.06,59.38,86.0,0.0,0,9.17
86,thunder bay,75,CA,broken clouds,40,48.4,-89.32,71.6,0.0,0,13.87
87,chokurdakh,6,RU,clear sky,34,70.63,147.92,65.44,0.0,0,5.84
88,tautira,40,PF,scattered clouds,61,-17.73,-149.15,80.6,0.0,0,1.12
89,tiksi,30,RU,scattered clouds,68,71.69,128.87,52.34,0.0,0,4.68
90,korla,100,CN,overcast clouds,16,41.76,86.15,82.47,0.0,0,20.76
91,champerico,75,GT,broken clouds,62,14.3,-91.92,89.6,0.0,0,6.93
92,atuona,4,PF,clear sky,72,-9.8,-139.03,79.41,0.0,0,16.6
93,cherskiy,61,RU,broken clouds,58,68.75,161.3,45.34,0.0,0,8.23
94,atambua,1,ID,clear sky,86,-9.11,124.89,67.98,0.0,0,6.02
95,prince rupert,1,CA,clear sky,76,54.32,-130.32,57.2,0.0,0,6.93
96,okato,100,NZ,overcast clouds,84,-39.2,173.88,46.99,0.0,0,11.01
97,florianopolis,0,BR,clear sky,47,-27.61,-48.5,80.6,0.0,0,13.87
98,butaritari,33,KI,scattered clouds,75,3.07,172.79,83.05,0.0,0,16.35
99,yeppoon,0,AU,clear sky,93,-23.13,150.73,41.0,0.0,0,5.23
100,corinth,66,GR,broken clouds,52,37.94,22.96,77.0,0.0,0,4.97
101,zyryanka,0,RU,clear sky,31,65.75,150.85,67.05,0.0,0,6.31
102,pascagoula,75,US,broken clouds,66,30.37,-88.56,90.0,0.0,0,8.05
103,katobu,0,ID,clear sky,90,-4.94,122.53,72.28,0.0,0,3.91
104,yellowknife,75,CA,shower rain,67,62.46,-114.35,72.0,0.0,0,16.11
105,thompson,40,CA,scattered clouds,31,55.74,-97.86,78.8,0.0,0,8.05
106,iwaki,100,JP,overcast clouds,92,37.05,140.88,64.0,0.0,0,4.09
107,airai,51,TL,broken clouds,100,-8.93,125.41,55.53,0.0,0,3.56
108,chuy,85,UY,overcast clouds,85,-33.7,-53.46,69.21,0.0,0,8.3
109,rawson,60,AR,broken clouds,41,-43.3,-65.1,54.28,0.0,0,9.71
110,kodiak,90,US,light rain,87,57.79,-152.41,50.0,0.0,0,6.93
111,bandarbeyla,57,SO,broken clouds,76,9.49,50.81,80.8,0.0,0,30.76
112,upernavik,71,GL,broken clouds,86,72.79,-56.15,35.49,0.0,0,11.16
113,oyama,75,JP,broken clouds,93,36.3,139.8,75.0,0.0,0,6.93
114,utiel,0,ES,clear sky,55,39.57,-1.2,73.99,0.0,0,9.48
115,los llanos de aridane,75,ES,broken clouds,78,28.66,-17.92,73.4,0.0,0,16.11
116,qaanaaq,0,GL,clear sky,83,77.48,-69.36,38.41,0.0,0,1.12
117,umea,26,SE,scattered clouds,77,63.83,20.26,62.6,0.0,0,8.05
118,avarua,89,CK,overcast clouds,73,-21.21,-159.78,77.0,0.0,0,6.93
119,tias,40,ES,scattered clouds,69,28.96,-13.64,73.4,0.0,0,18.34
120,pevek,100,RU,overcast clouds,98,69.7,170.31,31.89,0.0,0,9.91
121,havre-saint-pierre,1,CA,clear sky,73,50.23,-63.6,73.4,0.0,0,6.93
122,hilo,90,US,moderate rain,83,19.73,-155.09,72.0,0.25,0,5.82
123,novosokolniki,7,RU,clear sky,71,56.35,30.16,62.02,0.0,0,6.53
124,comodoro rivadavia,4,AR,clear sky,50,-45.87,-67.5,48.2,0.0,0,12.75
125,sladkovo,0,RU,clear sky,90,55.53,70.34,47.91,0.0,0,5.46
126,dalaba,82,GN,light rain,100,10.7,-12.25,68.61,0.3,0,2.91
127,college,90,US,overcast clouds,93,64.86,-147.8,50.0,0.0,0,4.7
128,bethel,20,US,few clouds,54,41.37,-73.41,86.0,0.0,0,9.17
129,vanimo,47,PG,light rain,86,-2.67,141.3,78.12,0.5,0,4.61
130,mangrol,100,IN,overcast clouds,79,21.12,70.12,85.3,0.0,0,8.79
131,kabinda,0,CD,clear sky,38,-6.13,24.48,73.63,0.0,0,2.82
132,ahipara,100,NZ,light rain,89,-35.17,173.17,59.25,0.39,0,12.82
133,shache,47,CN,scattered clouds,17,38.42,77.24,80.8,0.0,0,19.66
134,douglas,75,US,broken clouds,38,41.3,-96.17,77.0,0.0,0,12.75
135,hinganghat,75,IN,haze,100,20.57,78.83,78.8,0.0,0,4.47
136,camopi,100,GF,moderate rain,86,3.17,-52.32,82.11,1.57,0,2.53
137,ban phai,99,TH,overcast clouds,83,16.06,102.73,80.6,0.0,0,1.12
138,bilma,0,NE,clear sky,10,18.69,12.92,93.85,0.0,0,6.78
139,georgetown,20,MY,few clouds,94,5.41,100.34,80.6,0.0,0,3.36
140,caxias,20,PT,few clouds,82,38.7,-9.28,70.0,0.0,0,19.46
141,lata,0,PT,clear sky,94,40.16,-8.33,78.01,0.0,0,4.0
142,centenario do sul,0,BR,clear sky,52,-22.82,-51.6,75.96,0.0,0,9.22
143,iqaluit,90,CA,light rain,86,63.75,-68.51,41.0,0.0,0,13.87
144,kaitangata,35,NZ,scattered clouds,85,-46.28,169.85,48.0,0.0,0,3.24
145,penzance,0,GB,clear sky,64,50.12,-5.54,68.0,0.0,0,9.17
146,plastun,100,RU,overcast clouds,94,44.76,136.29,54.82,0.0,0,3.24
147,sola,0,VU,clear sky,80,-13.88,167.55,81.16,0.0,0,6.15
148,new norfolk,100,AU,overcast clouds,90,-42.78,147.06,53.01,0.0,0,2.53
149,richards bay,0,ZA,clear sky,75,-28.78,32.04,64.2,0.0,0,9.01
150,nome,1,US,clear sky,46,64.5,-165.41,50.0,0.0,0,12.75
151,haines junction,85,CA,overcast clouds,48,60.75,-137.51,51.28,0.0,0,8.3
152,jamestown,90,US,overcast clouds,73,42.1,-79.24,75.2,0.0,0,18.34
153,katsuura,75,JP,broken clouds,100,35.13,140.3,73.0,0.0,0,8.05
154,pasni,0,PK,clear sky,82,25.26,63.47,84.9,0.0,0,2.98
155,fortuna,20,US,few clouds,72,40.6,-124.16,69.01,0.0,0,11.41
156,olginskaya,20,RU,few clouds,53,47.19,39.95,80.01,0.0,0,6.71
157,sabinas hidalgo,95,MX,overcast clouds,32,26.5,-100.17,100.02,0.0,0,8.5
158,cape town,0,ZA,clear sky,87,-33.93,18.42,57.2,0.0,0,8.05
159,bonnyville,75,CA,light intensity shower rain,53,54.27,-110.73,73.4,0.0,0,4.7
160,weleri,100,ID,overcast clouds,82,-6.97,110.07,76.23,0.0,0,3.04
161,hithadhoo,100,MV,light rain,76,-0.6,73.08,84.11,0.76,0,8.88
162,preobrazheniye,100,RU,overcast clouds,90,42.9,133.91,55.45,0.0,0,9.42
163,torbay,20,CA,few clouds,65,47.67,-52.73,81.0,0.0,0,23.04
164,sirnak,0,TR,clear sky,26,37.52,42.46,67.71,0.0,0,3.09
165,alice springs,0,AU,clear sky,69,-23.7,133.88,33.8,0.0,0,4.7
166,kavieng,53,PG,light rain,78,-2.57,150.8,82.85,0.88,0,10.09
167,quelimane,20,MZ,few clouds,78,-17.88,36.89,73.4,0.0,0,3.36
168,nikolskoye,0,RU,clear sky,52,59.7,30.79,72.0,0.0,0,6.71
169,ilulissat,75,GL,broken clouds,80,69.22,-51.1,39.2,0.0,0,4.7
170,pacific grove,1,US,clear sky,68,36.62,-121.92,73.99,0.0,0,8.05
171,nouadhibou,0,MR,sand,69,20.93,-17.03,75.2,0.0,0,19.46
172,san lorenzo,0,PY,clear sky,40,-25.33,-57.53,89.6,0.0,0,23.04
173,faya,100,SA,overcast clouds,16,18.39,42.45,77.0,0.0,0,10.29
174,port macquarie,0,AU,clear sky,95,-31.43,152.92,39.99,0.0,0,7.52
175,dabakala,94,CI,overcast clouds,78,8.37,-4.43,79.66,0.0,0,5.79
176,pangkalanbuun,100,ID,overcast clouds,97,-2.68,111.62,74.16,0.0,0,2.15
177,hervey bay,0,AU,clear sky,63,-25.3,152.85,52.0,0.0,0,4.0
178,shar,33,KZ,scattered clouds,62,49.59,81.05,64.09,0.0,0,5.37
179,mulege,0,MX,clear sky,26,26.88,-111.98,95.61,0.0,0,11.79
180,yei,36,SS,scattered clouds,88,4.09,30.68,67.32,0.0,0,2.73
181,tura,99,IN,light rain,97,25.52,90.22,75.81,0.67,0,6.2
182,quatre cocos,75,MU,light intensity shower rain,83,-20.21,57.76,71.6,0.0,0,8.05
183,sur,8,OM,clear sky,86,22.57,59.53,81.32,0.0,0,7.14
184,warmbad,0,NA,clear sky,26,-28.45,18.73,64.83,0.0,0,10.96
185,gazanjyk,0,TM,clear sky,19,39.24,55.52,85.8,0.0,0,6.4
186,novyy urengoy,26,RU,scattered clouds,82,66.08,76.63,46.8,0.0,0,3.67
187,phetchabun,100,TH,overcast clouds,69,16.25,101.08,82.99,0.0,0,0.98
188,esperance,0,AU,clear sky,87,-33.87,121.9,51.8,0.0,0,12.75
189,planeta rica,75,CO,broken clouds,70,8.41,-75.59,89.6,0.0,0,8.05
190,beringovskiy,100,RU,overcast clouds,77,63.05,179.32,37.96,0.0,0,2.53
191,kvarkeno,0,RU,clear sky,51,52.08,59.73,57.79,0.0,0,5.73
192,orlik,19,RU,few clouds,78,52.52,99.83,46.92,0.0,0,0.47
193,kabelvag,100,NO,overcast clouds,77,68.21,14.48,60.8,0.0,0,6.93
194,nuuk,20,GL,few clouds,43,64.18,-51.72,51.8,0.0,0,6.93
195,ixtapa,40,MX,scattered clouds,70,20.7,-105.2,87.8,0.0,0,13.87
196,strelka,100,RU,overcast clouds,71,58.07,93.03,58.42,0.0,0,1.52
197,saint-louis,0,SN,dust,26,16.33,-15.0,102.2,0.0,0,4.7
198,kharp,89,RU,overcast clouds,72,66.8,65.81,46.45,0.0,0,2.21
199,chepareria,37,KE,light rain,81,1.31,35.2,60.46,0.23,0,4.36
200,gedo,95,ET,overcast clouds,98,9.02,37.45,53.04,0.0,0,3.78
201,hofn,100,IS,light rain,91,64.25,-15.21,50.47,0.81,0,13.33
202,dingle,100,PH,overcast clouds,82,11.0,122.67,78.31,0.0,0,3.47
203,kualakapuas,2,ID,clear sky,97,-3.01,114.39,71.83,0.0,0,2.35
204,saldanha,0,ZA,clear sky,81,-33.01,17.94,53.6,0.0,0,3.36
205,noumea,0,NC,clear sky,93,-22.28,166.46,68.0,0.0,0,3.36
206,kruisfontein,0,ZA,clear sky,69,-34.0,24.73,53.37,0.0,0,4.65
207,waipawa,9,NZ,clear sky,93,-41.41,175.52,44.6,0.0,0,2.24
208,longyearbyen,94,SJ,overcast clouds,75,78.22,15.64,44.6,0.0,0,5.82
209,nanortalik,100,GL,overcast clouds,79,60.14,-45.24,42.15,0.0,0,7.56
210,vikhorevka,100,RU,overcast clouds,82,56.12,101.16,59.0,0.0,0,2.24
211,aklavik,90,CA,overcast clouds,87,68.22,-135.01,42.8,0.0,0,10.29
212,bulanash,99,RU,overcast clouds,94,57.28,62.0,52.41,0.0,0,5.57
213,saurimo,0,AO,clear sky,32,-9.66,20.39,65.05,0.0,0,4.52
214,williams lake,75,CA,broken clouds,67,52.14,-122.14,62.6,0.0,0,0.58
215,canon city,1,US,thunderstorm,34,38.44,-105.24,82.4,0.0,0,16.11
216,longyan,100,CN,overcast clouds,86,25.11,117.02,76.73,0.0,0,2.3
217,salalah,20,OM,few clouds,94,17.02,54.09,82.4,0.0,0,6.93
218,victoria,100,HK,overcast clouds,74,22.29,114.16,86.0,0.0,0,8.99
219,san andres,90,CO,overcast clouds,74,12.58,-81.7,87.8,0.0,0,16.11
220,bahile,20,PH,few clouds,83,10.0,118.79,80.6,0.0,0,4.7
221,souillac,75,MU,light intensity shower rain,83,-20.52,57.52,71.6,0.0,0,8.05
222,novobureyskiy,100,RU,moderate rain,95,49.8,129.88,53.51,1.44,0,8.81
223,sidi ali,0,DZ,clear sky,31,36.1,0.42,82.42,0.0,0,14.23
224,asfi,56,MA,broken clouds,86,32.3,-9.24,70.54,0.0,0,7.65
225,tasiilaq,75,GL,broken clouds,66,65.61,-37.64,48.2,0.0,0,17.22
226,cotonou,40,BJ,scattered clouds,83,6.37,2.42,80.6,0.0,0,10.29
227,puerto del rosario,20,ES,few clouds,73,28.5,-13.86,75.2,0.0,0,16.11
228,isoka,0,ZM,clear sky,74,-10.16,32.63,58.66,0.0,0,2.44
229,sorland,100,NO,overcast clouds,87,67.67,12.69,57.2,0.0,0,6.93
230,taoudenni,0,ML,clear sky,7,22.68,-3.98,105.21,0.0,0,11.61
231,cidreira,0,BR,clear sky,67,-30.18,-50.21,72.46,0.0,0,8.08
232,olafsvik,100,IS,light rain,72,64.89,-23.71,50.9,0.21,0,7.65
233,patiya,40,BD,scattered clouds,94,22.29,91.98,84.2,0.0,0,5.82
234,arrecife,40,ES,scattered clouds,69,28.96,-13.55,73.4,0.0,0,18.34
235,saint-philippe,2,RE,clear sky,77,-21.36,55.77,69.8,0.0,0,8.05
236,sechura,15,PE,few clouds,55,-5.56,-80.82,76.86,0.0,0,14.94
237,yar-sale,48,RU,scattered clouds,71,66.83,70.83,44.24,0.0,0,7.23
238,gat,0,IL,clear sky,65,31.61,34.76,77.0,0.0,0,7.99
239,mount gambier,90,AU,overcast clouds,93,-37.83,140.77,51.8,0.0,0,5.82
240,port lincoln,0,AU,clear sky,73,-34.73,135.87,50.05,0.0,0,6.31
241,diego de almagro,100,CL,overcast clouds,34,-26.37,-70.05,67.44,0.0,0,6.17
242,smoky lake,14,CA,light rain,55,54.12,-112.47,77.34,0.37,0,9.98
243,gorom-gorom,13,BF,few clouds,16,14.44,-0.24,101.89,0.0,0,9.04
244,pangody,21,RU,few clouds,69,65.85,74.49,46.58,0.0,0,2.08
245,novska,0,HR,clear sky,52,45.34,16.98,69.8,0.0,0,3.36
246,isangel,75,VU,broken clouds,94,-19.55,169.27,75.2,0.0,0,5.82
247,tashtagol,57,RU,broken clouds,88,52.77,87.89,53.17,0.0,0,1.88
248,kudahuvadhoo,42,MV,scattered clouds,78,2.67,72.89,83.98,0.0,0,13.51
249,coihueco,75,CL,broken clouds,87,-36.62,-71.83,51.8,0.0,0,8.05
250,robertsport,99,LR,light rain,84,6.75,-11.37,78.66,0.61,0,10.07
251,grindavik,90,IS,shower rain,87,63.84,-22.43,50.0,0.0,0,8.05
252,riohacha,1,CO,clear sky,53,11.54,-72.91,90.57,0.0,0,19.35
253,sitka,75,US,broken clouds,81,57.05,-135.33,53.6,0.0,0,6.93
254,saint-pierre,0,RE,clear sky,77,-21.34,55.48,69.8,0.0,0,8.05
255,kununurra,0,AU,clear sky,35,-15.77,128.73,60.8,0.0,0,5.82
256,fallon,20,US,few clouds,15,39.47,-118.78,93.0,0.0,0,3.36
257,gavrilov-yam,0,RU,clear sky,67,57.3,39.85,62.6,0.0,0,4.47
258,guerrero negro,24,MX,few clouds,55,27.98,-114.06,74.12,0.0,0,12.64
259,clyde river,90,CA,overcast clouds,86,70.47,-68.59,41.0,0.0,0,10.29
260,grand gaube,0,MU,clear sky,84,-20.01,57.66,68.0,0.0,0,1.99
261,mehran,0,IR,clear sky,11,33.12,46.16,77.0,0.0,0,16.4
262,saravan,40,AM,scattered clouds,28,39.72,45.65,80.6,0.0,0,4.7
263,sinnamary,100,GF,moderate rain,89,5.38,-52.95,79.34,1.67,0,10.69
264,pimentel,78,PE,broken clouds,64,-6.84,-79.93,71.6,0.0,0,14.99
265,nishihara,90,JP,overcast clouds,94,26.18,127.76,80.6,0.0,0,5.82
266,xining,0,CN,clear sky,55,36.62,101.77,52.11,0.0,0,3.53
267,tiznit,0,MA,clear sky,67,29.58,-9.5,71.37,0.0,0,6.35
268,norman wells,90,CA,light intensity shower rain,93,65.28,-126.83,51.8,0.0,0,10.29
269,san cristobal,40,VE,shower rain,41,7.77,-72.22,91.4,0.0,0,26.4
270,terney,100,RU,overcast clouds,93,45.05,136.61,54.73,0.0,0,5.41
271,port hedland,0,AU,clear sky,71,-20.32,118.57,57.2,0.0,0,6.93
272,mahebourg,75,MU,light intensity shower rain,83,-20.41,57.7,71.6,0.0,0,8.05
273,lunino,100,RU,light rain,92,53.59,45.23,56.57,0.52,0,0.54
274,severo-kurilsk,38,RU,scattered clouds,86,50.68,156.12,45.81,0.0,0,10.65
275,dumas,1,US,clear sky,47,35.87,-101.97,84.0,0.0,0,6.93
276,solnechnyy,100,RU,overcast clouds,90,50.72,136.63,46.24,0.0,0,2.89
277,kutum,94,SD,overcast clouds,14,14.2,24.67,83.3,0.0,0,6.62
278,westport,75,US,broken clouds,51,41.14,-73.36,88.0,0.0,0,13.87
279,vila franca do campo,75,PT,broken clouds,88,37.72,-25.43,68.0,0.0,0,11.41
280,ust-ilimsk,5,RU,clear sky,73,58.0,102.66,58.75,0.0,0,0.74
281,kailua,20,US,few clouds,65,21.4,-157.74,80.01,0.0,0,13.87
282,pavlivka,4,UA,clear sky,84,49.44,28.46,66.13,0.0,0,3.09
283,takoradi,65,GH,broken clouds,86,4.88,-1.76,78.01,0.0,0,8.9
284,cabo san lucas,20,MX,few clouds,40,22.89,-109.91,89.01,0.0,0,5.82
285,jinxiang,100,CN,overcast clouds,87,22.86,115.7,81.95,0.0,0,9.22
286,suluova,75,TR,broken clouds,64,40.83,35.65,71.6,0.0,0,10.29
287,coahuayana,75,MX,broken clouds,58,18.73,-103.68,86.0,0.0,0,4.92
288,nianzishan,100,CN,overcast clouds,91,47.52,122.88,55.8,0.0,0,10.16
289,vostok,100,RU,moderate rain,100,46.49,135.88,52.56,1.58,0,4.5
290,port-gentil,40,GA,scattered clouds,94,-0.72,8.78,75.2,0.0,0,11.41
291,loandjili,20,CG,few clouds,78,-4.76,11.86,75.2,0.0,0,4.7
292,namatanai,14,PG,few clouds,79,-3.67,152.43,80.33,0.0,0,5.79
293,elizabethton,75,US,moderate rain,94,36.35,-82.21,72.0,3.05,0,4.7
294,jalu,0,LY,clear sky,33,29.03,21.55,81.72,0.0,0,17.47
295,troitskoye,100,RU,overcast clouds,88,52.98,84.68,57.9,0.0,0,3.49
296,bonavista,23,CA,few clouds,76,48.65,-53.11,64.89,0.0,0,16.98
297,coquimbo,90,CL,overcast clouds,93,-29.95,-71.34,55.4,0.0,0,1.32
298,karratha,0,AU,clear sky,46,-20.74,116.85,67.28,0.0,0,4.12
299,olovyannaya,79,RU,broken clouds,87,50.95,115.57,54.21,0.0,0,3.09
300,urucui,0,BR,clear sky,36,-7.23,-44.56,92.03,0.0,0,10.33
301,kjollefjord,16,NO,few clouds,70,70.95,27.35,46.4,0.0,0,10.29
302,san jose de ocoa,20,DO,dust,59,18.55,-70.5,93.2,0.0,0,11.41
303,namie,100,JP,overcast clouds,95,37.48,141.0,66.0,0.0,0,5.7
304,lopatino,100,RU,light rain,93,52.62,45.81,56.01,0.81,0,5.19
305,flinders,0,AU,clear sky,68,-34.58,150.86,53.01,0.0,0,11.99
306,nehe,98,CN,overcast clouds,92,48.48,124.83,54.72,0.0,0,12.75
307,husavik,75,IS,light rain,58,66.04,-17.34,57.2,0.0,0,14.99
308,tigil,0,RU,clear sky,75,57.8,158.67,50.97,0.0,0,4.14
309,komsomolskiy,20,UZ,few clouds,28,40.43,71.72,82.4,0.0,0,2.24
310,nioro,85,GM,moderate rain,52,13.35,-15.75,91.26,1.15,0,12.19
311,alta floresta,97,BR,overcast clouds,33,-9.88,-56.09,91.4,0.0,0,4.7
312,port elizabeth,0,ZA,clear sky,81,-33.92,25.57,50.0,0.0,0,4.7
313,brae,15,GB,few clouds,76,60.4,-1.35,57.2,0.0,0,19.46
314,valparaiso,75,CL,broken clouds,100,-33.04,-71.63,57.2,0.0,0,11.41
315,lavrentiya,100,RU,overcast clouds,71,65.58,-171.0,39.78,0.0,0,9.01
316,inuvik,90,CA,overcast clouds,93,68.35,-133.72,39.2,0.0,0,11.41
317,marsaxlokk,0,MT,clear sky,64,35.84,14.54,75.0,0.0,0,5.82
318,maple creek,1,CA,clear sky,37,49.92,-109.48,83.05,0.0,0,10.02
319,cayenne,99,GF,heavy intensity rain,88,4.93,-52.33,78.8,0.0,0,2.24
320,kitob,10,UZ,clear sky,18,39.08,66.83,82.42,0.0,0,5.01
321,padang,100,ID,overcast clouds,79,-0.95,100.35,77.68,0.0,0,7.63
322,san quintin,30,MX,scattered clouds,69,30.48,-115.95,70.54,0.0,0,13.94
323,kenai,1,US,clear sky,66,60.55,-151.26,57.99,0.0,0,6.93
324,auki,0,SB,clear sky,85,-8.77,160.7,77.29,0.0,0,4.32
325,ostrovnoy,100,RU,overcast clouds,75,68.05,39.51,40.17,0.0,0,14.65
326,mitsamiouli,0,KM,clear sky,75,-11.38,43.28,79.18,0.0,0,10.69
327,vestmannaeyjar,75,IS,mist,87,63.44,-20.27,51.8,0.0,0,20.8
328,praia da vitoria,75,PT,broken clouds,100,38.73,-27.07,60.8,0.0,0,14.54
329,lasa,5,IT,clear sky,45,46.62,10.7,68.0,0.0,0,5.82
330,hambantota,20,LK,few clouds,88,6.12,81.12,80.6,0.0,0,2.24
331,hesperia,100,US,overcast clouds,20,34.43,-117.3,91.0,0.0,0,1.99
332,palmer,40,US,scattered clouds,46,42.16,-72.33,89.6,0.0,0,13.87
333,umm kaddadah,37,SD,scattered clouds,18,13.6,26.69,97.5,0.0,0,5.37
334,kismayo,96,SO,light rain,82,-0.36,42.55,78.71,0.22,0,18.14
335,pandan,100,PH,overcast clouds,84,14.05,124.17,79.97,0.0,0,4.83
336,saint george,1,US,clear sky,11,37.1,-113.58,96.8,0.0,0,5.82
337,hovd,0,MN,clear sky,37,48.01,91.64,56.88,0.0,0,0.85
338,arkhangelsk,40,RU,scattered clouds,61,64.54,40.54,48.2,0.0,0,4.47
339,chernyshevskiy,49,RU,scattered clouds,89,63.01,112.47,51.33,0.0,0,4.5
340,acapulco,75,MX,broken clouds,62,16.86,-99.89,89.6,0.0,0,11.41
341,yerky,0,UA,clear sky,80,48.99,30.99,67.68,0.0,0,2.13
342,rodrigues alves,2,BR,clear sky,45,-7.74,-72.65,90.91,0.0,0,1.97
343,calabozo,53,VE,broken clouds,62,8.92,-67.43,86.29,0.0,0,8.48
344,wagga wagga,90,AU,overcast clouds,100,-35.12,147.37,44.6,0.0,0,9.17
345,homer,75,US,broken clouds,58,59.64,-151.55,55.4,0.0,0,3.36
346,antofagasta,20,CL,few clouds,67,-23.65,-70.4,60.8,0.0,0,13.87
347,tecpan,40,GT,haze,57,14.76,-90.99,77.0,0.0,0,13.87
348,atbasar,0,KZ,clear sky,76,51.8,68.33,51.13,0.0,0,9.51
349,samarai,95,PG,light rain,85,-10.62,150.67,79.54,0.39,0,16.02
350,inongo,81,CD,broken clouds,60,-1.95,18.27,73.06,0.0,0,1.92
351,villaviciosa,2,ES,clear sky,79,43.48,-5.44,77.0,0.0,0,5.99
352,tres arroyos,100,AR,overcast clouds,57,-38.37,-60.28,56.26,0.0,0,6.71
353,bambanglipuro,32,ID,light rain,86,-7.95,110.28,77.13,0.14,0,10.6
354,leningradskiy,100,RU,overcast clouds,96,69.38,178.42,32.32,0.0,0,13.87
355,umri,1,IN,light rain,52,26.51,78.94,91.67,0.59,0,8.12
356,burnie,49,AU,scattered clouds,79,-41.07,145.92,46.99,0.0,0,3.0
357,srivardhan,0,IN,clear sky,82,18.03,73.02,81.39,0.0,0,10.54
358,khislavichi,47,RU,scattered clouds,92,54.19,32.16,61.84,0.0,0,5.86
359,bayir,20,TR,few clouds,69,37.27,28.22,73.4,0.0,0,5.82
360,marsh harbour,50,BS,scattered clouds,76,26.54,-77.06,83.55,0.0,0,9.13
361,sakaiminato,40,JP,scattered clouds,88,35.55,133.23,64.4,0.0,0,1.12
362,maningrida,1,AU,clear sky,92,-12.07,134.27,64.26,0.0,0,9.08
363,tezu,100,IN,light rain,85,27.92,96.17,76.44,0.73,0,2.89
364,pangnirtung,90,CA,overcast clouds,93,66.15,-65.71,41.0,0.0,0,5.82
365,banda aceh,98,ID,overcast clouds,71,5.56,95.32,80.44,0.0,0,7.47
366,vaitape,32,PF,scattered clouds,76,-16.52,-151.75,79.72,0.0,0,17.05
367,disa,85,IN,light rain,58,24.25,72.17,85.39,0.41,0,13.11
368,konongo,33,GH,scattered clouds,95,6.62,-1.22,73.9,0.0,0,2.86
369,biak,98,ID,light rain,82,-0.91,122.88,77.0,0.99,0,7.16
370,vao,0,NC,clear sky,77,-22.67,167.48,72.39,0.0,0,10.07
371,marzuq,65,YE,broken clouds,29,14.4,46.47,86.63,0.0,0,3.38
372,denpasar,75,ID,broken clouds,94,-8.65,115.22,80.6,0.0,0,5.82
373,salinas,1,US,clear sky,68,36.68,-121.66,73.99,0.0,0,3.36
374,tortoli,20,IT,few clouds,28,39.93,9.66,82.4,0.0,0,2.24
375,kisangani,88,CD,overcast clouds,67,0.52,25.2,78.75,0.0,0,4.14
376,ugoofaaru,95,MV,overcast clouds,78,5.67,73.0,84.0,0.0,0,14.12
377,berdigestyakh,96,RU,overcast clouds,68,62.1,126.7,54.43,0.0,0,3.18
378,vanavara,0,RU,clear sky,84,60.34,102.28,58.55,0.0,0,2.86
379,jaragua,0,BR,clear sky,28,-15.76,-49.33,80.6,0.0,0,8.05
380,juneau,90,US,overcast clouds,81,58.3,-134.42,53.6,0.0,0,8.05
381,avera,75,US,broken clouds,55,33.19,-82.53,88.0,0.0,0,11.41
382,anito,100,PH,light rain,87,12.45,125.29,79.32,0.44,0,5.88
383,koboko,95,UG,light rain,90,3.41,30.96,64.27,0.38,0,2.15
384,bagdarin,92,RU,overcast clouds,89,54.43,113.6,49.75,0.0,0,1.36
385,port-cartier,75,CA,broken clouds,60,50.03,-66.87,73.4,0.0,0,10.29
386,foz,0,ES,clear sky,54,43.57,-7.25,86.0,0.0,0,8.99
387,loiza,40,PR,haze,62,18.43,-65.88,91.99,0.0,0,10.29
388,bam,4,IR,clear sky,11,29.11,58.36,92.25,0.0,0,11.72
389,byron bay,0,AU,clear sky,71,-28.65,153.62,50.0,0.0,0,10.29
390,maniitsoq,53,GL,broken clouds,76,65.42,-52.9,41.61,0.0,0,11.86
391,rudsar,0,IR,clear sky,69,37.14,50.29,77.0,0.0,0,2.24
392,illapel,100,CL,light rain,79,-31.63,-71.17,55.09,0.4,0,5.26
393,santa lucia,75,ES,broken clouds,60,27.91,-15.54,75.2,0.0,0,27.51
394,dhidhdhoo,95,MV,light rain,78,6.88,73.1,83.71,0.35,0,14.36
395,enderby,0,GB,clear sky,63,52.59,-1.21,77.0,0.0,0,7.16
396,turukhansk,100,RU,overcast clouds,72,65.82,87.98,52.66,0.0,0,6.53
397,urgut,0,UZ,clear sky,30,39.4,67.24,82.4,0.0,0,4.7
398,bambous virieux,40,MU,scattered clouds,83,-20.34,57.76,71.6,0.0,0,5.82
399,constitucion,100,CL,light rain,83,-35.33,-72.42,50.68,0.95,0,11.01
400,havelock,90,US,thunderstorm with light rain,74,34.88,-76.9,84.99,0.0,0,10.29
401,bukachacha,95,RU,overcast clouds,83,52.98,116.92,48.58,0.0,0,2.91
402,zwedru,100,LR,moderate rain,95,6.07,-8.13,73.27,1.09,0,5.26
403,waitara,100,NZ,overcast clouds,84,-38.92,174.25,46.99,0.0,0,11.01
404,san buenaventura,97,MX,overcast clouds,48,27.08,-101.53,91.0,0.0,0,8.01
405,jumla,14,NP,few clouds,69,29.27,82.18,60.84,0.0,0,2.19
406,ewa beach,1,US,clear sky,58,21.32,-158.01,82.4,0.0,0,6.93
407,berlevag,0,NO,clear sky,87,70.86,29.09,42.8,0.0,0,14.99
408,north myrtle beach,1,US,clear sky,70,33.82,-78.68,86.0,0.0,0,17.22
409,panguna,30,PG,scattered clouds,100,-6.32,155.48,68.07,0.0,0,2.39
410,kangaatsiaq,54,GL,broken clouds,85,68.31,-53.46,39.16,0.0,0,8.41
411,high level,75,CA,broken clouds,42,58.52,-117.14,68.0,0.0,0,9.17
412,ufa,100,RU,overcast clouds,67,54.77,56.04,57.2,0.0,0,8.95
413,kindu,4,CD,clear sky,61,-2.95,25.95,74.88,0.0,0,1.66
414,podgorica,40,ME,scattered clouds,44,42.44,19.26,77.0,0.0,0,16.11
415,bilibino,100,RU,overcast clouds,54,68.05,166.44,47.21,0.0,0,4.18
416,panaba,100,MX,overcast clouds,59,21.28,-88.27,91.49,0.0,0,10.4
417,goderich,47,CA,scattered clouds,85,43.75,-81.72,71.01,0.0,0,9.26
418,mogadishu,13,SO,light rain,87,2.04,45.34,78.76,0.16,0,16.73
419,hokitika,90,NZ,overcast clouds,72,-42.72,170.97,47.97,0.0,0,5.23
420,wajima,100,JP,overcast clouds,84,37.4,136.9,68.14,0.0,0,8.5
421,yuzhno-kurilsk,94,RU,overcast clouds,94,44.03,145.86,49.48,0.0,0,7.14
422,meulaboh,90,ID,overcast clouds,79,4.14,96.13,75.36,0.0,0,3.42
423,narvik,87,NO,overcast clouds,77,68.44,17.43,61.0,0.0,0,4.0
424,neftekumsk,1,RU,clear sky,46,44.67,44.92,75.65,0.0,0,12.24
425,qujing,100,CN,light rain,91,25.48,103.78,65.97,0.59,0,8.68
426,roebourne,0,AU,clear sky,45,-20.78,117.13,68.18,0.0,0,4.97
427,kavaratti,97,IN,light rain,77,10.57,72.64,84.22,0.45,0,15.43
428,yerbogachen,26,RU,scattered clouds,76,61.28,108.01,54.19,0.0,0,5.5
429,alofi,28,NU,scattered clouds,100,-19.06,-169.92,71.6,0.0,0,1.12
430,kalmunai,100,LK,moderate rain,77,7.42,81.82,82.24,1.65,0,4.63
431,atar,2,MR,dust,25,20.52,-13.05,109.4,0.0,0,9.17
432,chegdomyn,100,RU,overcast clouds,76,51.12,133.02,48.54,0.0,0,1.88
433,mindelo,20,CV,few clouds,61,16.89,-24.98,82.4,0.0,0,25.28
434,buchanan,75,LR,broken clouds,94,5.88,-10.05,78.8,0.0,0,5.82
435,svetlyy,75,RU,broken clouds,93,54.67,20.13,60.8,0.0,0,8.95
436,hami,0,CN,clear sky,17,42.8,93.45,75.83,0.0,0,17.94
437,kovdor,30,RU,scattered clouds,45,67.57,30.48,55.49,0.0,0,4.0
438,shenkursk,0,RU,clear sky,59,62.11,42.9,50.16,0.0,0,8.99
439,mehamn,0,NO,clear sky,70,71.04,27.85,46.4,0.0,0,10.29
440,saint-joseph,0,RE,clear sky,77,-21.37,55.62,69.8,0.0,0,8.05
441,santa rosa,40,PH,scattered clouds,88,14.31,121.11,82.4,0.0,0,1.12
442,tabou,68,CI,broken clouds,81,4.42,-7.35,77.09,0.0,0,8.41
443,novo aripuana,89,BR,overcast clouds,55,-5.12,-60.38,88.99,0.0,0,1.1
444,votkinsk,70,RU,broken clouds,70,57.05,53.99,60.01,0.0,0,1.01
445,leshukonskoye,100,RU,overcast clouds,70,64.9,45.76,40.48,0.0,0,8.12
446,zhigansk,70,RU,broken clouds,52,66.77,123.37,64.85,0.0,0,4.72
447,west wendover,1,US,clear sky,18,40.74,-114.07,84.2,0.0,0,5.82
448,sangar,92,RU,overcast clouds,62,63.92,127.47,58.82,0.0,0,1.07
449,polur,99,IN,overcast clouds,57,12.5,79.13,85.26,0.0,0,2.26
450,treinta y tres,96,UY,overcast clouds,81,-33.23,-54.38,70.41,0.0,0,11.9
451,baykalovo,92,RU,overcast clouds,91,57.4,63.77,52.43,0.0,0,8.7
452,broken hill,3,AU,clear sky,87,-31.95,141.43,46.4,0.0,0,5.82
453,avigliano,0,IT,clear sky,83,40.73,15.72,58.41,0.0,0,5.79
454,marakkanam,100,IN,overcast clouds,64,12.2,79.95,85.28,0.0,0,11.72
455,provideniya,22,RU,few clouds,66,64.38,-173.3,41.77,0.0,0,8.25
456,surt,0,LY,clear sky,76,31.21,16.59,72.41,0.0,0,11.32
457,ankang,0,CN,clear sky,86,32.68,109.02,66.34,0.0,0,1.23
458,panama city,40,PA,thunderstorm with rain,83,8.99,-79.52,86.0,0.0,0,5.82
459,totma,0,RU,clear sky,87,59.97,42.76,53.87,0.0,0,5.75
460,evensk,55,RU,broken clouds,65,61.95,159.23,54.3,0.0,0,4.81
461,mangan,100,IN,light rain,60,27.52,88.53,76.14,0.37,0,0.94
462,balikpapan,98,ID,overcast clouds,86,-1.27,116.83,76.82,0.0,0,7.81
463,shiojiri,66,JP,broken clouds,99,36.1,137.97,68.0,0.0,0,1.23
464,shablykino,1,RU,clear sky,96,52.86,35.2,57.76,0.0,0,6.78
465,lorengau,77,PG,moderate rain,79,-2.02,147.27,80.69,2.93,0,1.83
466,zhezkazgan,0,KZ,clear sky,48,47.8,67.71,60.57,0.0,0,18.16
467,marsa matruh,0,EG,clear sky,73,31.35,27.25,73.4,0.0,0,8.05
468,dimbokro,16,CI,few clouds,91,6.65,-4.7,76.03,0.0,0,5.41
469,koumac,0,NC,clear sky,75,-20.57,164.28,70.45,0.0,0,7.7
470,domoni,55,KM,broken clouds,79,-12.26,44.53,76.17,0.0,0,11.65
471,te anau,74,NZ,broken clouds,89,-45.42,167.72,40.12,0.0,0,1.05
472,chernyshkovskiy,90,RU,overcast clouds,50,48.42,42.23,71.08,0.0,0,4.97
473,russell,75,US,broken clouds,52,32.35,-85.2,89.6,0.0,0,10.29
474,bara,0,NG,clear sky,59,10.37,10.73,84.63,0.0,0,10.56
475,amurzet,100,RU,light rain,97,47.7,131.1,54.99,0.7,0,13.27
476,rincon,75,US,thunderstorm,66,32.3,-81.24,89.01,0.0,0,10.29
477,cleburne,75,US,broken clouds,83,32.35,-97.39,77.0,0.0,0,18.34
478,karabulak,53,RU,broken clouds,64,43.3,44.9,73.4,0.0,0,6.71
479,ipora,0,BR,clear sky,37,-16.44,-51.12,82.27,0.0,0,6.33
480,maragogi,19,BR,light rain,81,-9.01,-35.22,78.08,0.13,0,11.34
481,koryukivka,0,UA,clear sky,88,51.77,32.25,62.91,0.0,0,11.36
482,eidsvag,75,NO,broken clouds,82,62.78,8.07,62.6,0.0,0,8.05
483,manjacaze,0,MZ,clear sky,85,-24.71,33.88,60.53,0.0,0,3.06
484,le havre,100,FR,overcast clouds,60,49.49,0.11,77.0,0.0,0,10.29
485,esso,0,RU,clear sky,70,55.93,158.7,56.34,0.0,0,4.45
486,aurillac,0,FR,clear sky,39,44.92,2.45,81.0,0.0,0,4.7
487,la asuncion,1,VE,clear sky,69,11.03,-63.86,82.36,0.0,0,19.01
488,rosarito,40,MX,scattered clouds,64,32.33,-117.03,75.99,0.0,0,5.82
489,ust-uda,0,RU,clear sky,74,54.17,103.03,58.66,0.0,0,3.94
490,igarka,98,RU,overcast clouds,54,67.47,86.58,57.09,0.0,0,6.89
491,kihei,40,US,scattered clouds,54,20.79,-156.47,82.4,0.0,0,13.87
492,ambovombe,18,MG,few clouds,82,-25.17,46.08,64.87,0.0,0,12.01
493,nilanga,100,IN,light rain,79,18.1,76.77,77.02,0.78,0,12.71
494,barentu,100,ER,overcast clouds,40,15.11,37.59,80.44,0.0,0,19.44
495,omboue,99,GA,overcast clouds,86,-1.57,9.26,73.11,0.0,0,8.3
496,navan,75,IE,broken clouds,77,53.65,-6.68,63.0,0.0,0,12.75
497,lafiagi,37,NG,scattered clouds,85,8.87,5.42,77.02,0.0,0,3.47
498,dubasari,14,MD,few clouds,77,47.26,29.16,68.0,0.0,0,3.36
499,batagay,0,RU,clear sky,51,67.63,134.63,73.54,0.0,0,1.03
500,pozo colorado,0,PY,clear sky,35,-23.49,-58.8,89.58,0.0,0,16.87
501,corn island,79,NI,light rain,82,12.17,-83.04,83.05,0.34,0,18.77
502,oranjemund,0,NA,clear sky,75,-28.55,16.43,57.31,0.0,0,4.38
503,pag,0,HR,clear sky,46,44.45,15.06,71.6,0.0,0,8.05
504,bathsheba,20,BB,haze,70,13.22,-59.52,86.0,0.0,0,23.04
505,talcahuano,75,CL,light intensity shower rain,87,-36.72,-73.12,50.0,0.0,0,8.05
506,khandyga,0,RU,clear sky,93,62.67,135.6,57.25,0.0,0,3.98
507,sirur,74,IN,broken clouds,75,18.83,74.38,78.1,0.0,0,11.14
508,broome,40,US,scattered clouds,61,42.25,-75.83,84.0,0.0,0,10.29
509,cap malheureux,0,MU,clear sky,84,-19.98,57.61,68.0,0.0,0,1.99
510,port hawkesbury,40,CA,scattered clouds,65,45.62,-61.35,80.6,0.0,0,12.75
511,dehloran,0,IR,clear sky,10,32.69,47.27,96.15,0.0,0,6.06
512,belmonte,20,BR,few clouds,50,-15.86,-38.88,77.0,0.0,0,5.82
513,goundam,48,ML,scattered clouds,21,16.41,-3.67,99.3,0.0,0,13.13
514,latung,39,PH,light rain,73,5.5,120.88,83.68,0.13,0,4.34
515,campbell river,90,CA,overcast clouds,93,50.02,-125.24,60.8,0.0,0,3.36
516,howard springs,40,AU,scattered clouds,46,-12.5,131.05,73.4,0.0,0,8.05
517,hobyo,6,SO,clear sky,78,5.35,48.53,78.62,0.0,0,28.25
518,oga,0,IT,clear sky,51,46.46,10.35,68.0,0.0,0,5.82
519,wattens,20,AT,few clouds,53,47.27,11.6,71.6,0.0,0,9.17
520,mocoa,100,CO,light rain,77,1.15,-76.65,72.54,0.38,0,0.74
521,boa vista,75,BR,shower rain,62,2.82,-60.67,84.2,0.0,0,4.7
522,ponta do sol,40,PT,scattered clouds,68,32.67,-17.1,71.6,0.0,0,6.93
523,chornukhy,78,UA,light rain,87,50.27,32.94,67.91,0.11,0,2.28
524,okhotsk,63,RU,broken clouds,90,59.38,143.3,45.07,0.0,0,4.12
525,pisco,75,PE,mist,82,-13.7,-76.22,66.99,0.0,0,10.29
526,palana,51,RU,broken clouds,83,59.12,159.97,46.56,0.0,0,8.88
527,northam,0,GB,clear sky,64,51.03,-4.22,69.01,0.0,0,1.99
528,santa maria del oro,29,MX,scattered clouds,15,25.93,-105.37,90.09,0.0,0,7.29
529,bidhuna,7,IN,clear sky,52,26.8,79.51,91.54,0.0,0,8.48
530,tibiri,40,NE,thunderstorm,52,13.56,7.05,89.6,0.0,0,26.4
531,sao filipe,0,CV,clear sky,60,14.9,-24.5,80.44,0.0,0,16.67
532,nadym,84,RU,broken clouds,77,65.53,72.52,47.14,0.0,0,6.08
533,safaga,0,EG,clear sky,11,26.73,33.94,96.8,0.0,0,12.75
534,christchurch,86,NZ,light rain,100,-43.53,172.63,45.0,0.0,0,8.05
535,hamilton,75,US,broken clouds,57,39.18,-84.53,81.0,0.0,0,9.17
536,elat,0,IL,clear sky,23,29.56,34.95,96.8,0.0,0,11.41
537,mae hong son,100,TH,overcast clouds,87,19.3,97.97,76.28,0.0,0,1.05
538,shipley,2,GB,clear sky,56,53.83,-1.77,73.99,0.0,0,3.0
539,ouadda,98,CF,overcast clouds,89,8.08,22.4,71.28,0.0,0,2.48
540,larsnes,75,NO,broken clouds,72,62.2,5.58,62.6,0.0,0,13.87
541,otjimbingwe,0,NA,clear sky,27,-22.35,16.13,62.67,0.0,0,9.42
